code, remodel_check_passed
1a3a, True
1aap, True
1atl, True
1atz, True
1avs, True
1beb, True
1beh, True
1bkr, True
1c52, True
1cc8, True
1chd, True
1cke, True
1ctf, True
1cxy, True
1d0q, True
1d1q, True
1d4o, True
1dbx, True
1dmg, True
1dqg, True
1eaz, True
1f6b, True
1fl0, True
1fqt, True
1fvg, True
1fvk, True
1fx2, True
1g2r, True
1gmi, True
1guu, True
1gz2, False
1h4x, True
1h98, True
1hdo, False
1hfc, True
1hh8, True
1hxn, True
1i1j, True
1i1n, False
1ihz, True
1iib, True
1im5, True
1j3a, False
1jbe, False
1jbk, True
1jfu, True
1jkx, True
1jl1, True
1jo0, True
1jos, True
1jvw, True
1jyh, True
1k6k, True
1kid, True
1kq6, True
1kqr, True
1ktg, True
1ku3, True
1kw4, True
1lm4, False
1lo7, True
1lpy, True
1m4j, True
1m8a, True
1mug, True
1ne2, True
1nrv, True
1ny1, True
1o1z, True
1p90, True
1pko, True
1qjp, True
1r26, True
1roa, True
1rw7, True
1ryb, True
1smx, True
1svy, True
1tif, True
1tqh, True
1tzv, True
1vfy, True
1vhu, True
1vjk, True
1vmb, True
1vp6, True
1w0h, True
1wjx, True
1wkc, True
1xdz, True
1xff, True
1xkr, True
2arc, True
2cua, True
2tps, True
2vxn, True
3bor, True
3dqg, True
