pdb_fn,aa_sequence,seq_len
1tqh_remod_p.pdb,MMKIVPPKPFFFEAGERAVLLLHGFTGNSADVRMLGRFLESKGYTCHAPIYKGHGVPPEELVHTGPDDWWQDVMNGYEFLKNKGYEKIAVAGLSLGGVFSLKLGYTVPIEGIVTMCAPMYIKSEETMYEGVLEYAREYKKREGKSEEQIEQEMEKFKQTPMKTLKALQELIADVRDHLDLIYAPTFVVQARHDEMINPDSANIIYNEIESPVKQIKWYEQSGHVITLDQEKDQLHEDIYAFLESLDW,247
1beb_remod_p.pdb,LIVTQTMKGLDIQKVAGTWYSLAMAASDISLLDAQSAPLRVYVEELKPTPEGDLEILLQKWENGECAQKKIIAEKTKIPAVFKIDALNENKVLVLDTDYKKYLLFCMENSAEPEQSLVCQCLVRTPEVDDEALEKFDKALKALPMHIRLSFNPTQLEEQCHI,162
1jwq_A_p.pdb,MKVVVIDAGHGAKDSGAVGISRKNYEKTFNLAMALKVESILKQNPKLEVVLTRSDDTFLELKQRVKVAENLKANVFVSIHANSSGSSASNGTETYYQRSASKAFANVMHKYFAPATGLTDRGIRYGNFHVIRETTMPAVLLEVGYLSNAKEEATLFDEDFQNRVAQGIADGITEYLDVK,179
1tqg_A_p.pdb,GSHMEYLGVFVDETKEYLQNLNDTLLELEKNPEDMELINEAFRALHTLKGMAGTMGFSSMAKLCHTLENILDKARNSEIKITSDLLDKIFAGVDMITRMVDKIVS,105
1lm4_remod_p.pdb,GSDKIHHHHHHMLTMKDIIRDGHPTLRQKAAELELPLTKEEKETLIAMREFLVNSQDEEIAKRYGLRSGVGLAAPQINISKRMIAVLIPDDGSGKSYDYMLVNPKIVSHSVQEAYLPTGEGCLSVDDNVAGLVHRHNRITIKAKDIEGNDIQLRLKGYPAIVFQHEIDHLNGVMFYDHIDKNHPLQPHTDAVEV,194
1i1n_remod_p.pdb,AWKSGGASHSELIHNLRKNGIIKTDKVFEVMLATDRSHYAKCNPYMDSPQSIGFQATISAPHMHAYALELLFDQLHEGAKALDVGSGSGILTACFARMVGCTGKVIGIDHIKELVDDSVNNVRKDDPTLLSSGRVQLVVGDGRMGYAEEAPYDAIHVGAAAPVVPQALIDQLKPGGRLILPVGPAGGNQMLEQYDKLQDGSIKMKPLMGVIYVPLTDKEKQWSRWK,226
1rw7_remod_p.pdb,MAPKKVLLALTSYNDVFYSDGAKTGVFVVEALHPFNTFRKEGFEVDFVSETGKFGWDEHSLAKDFLNGQDETDFKNKDSDFNKTLAKIKTPKEVNADDYQIFFASAGHGTLFDYPKAKDLQDIASEIYANGGVVAAVCHGPAIFDGLTDKKTGRPLIEGKSITGFTDVGETILGVDSILKAKNLATVEDVAKKYGAKYLAPVGPWDDYSITDGRLVTGVNPASAHSTAVRSIDALKNHHHHHH,243
1pko_remod_p.pdb,MRGSGQFRVIGPGHPIRALVGDEAELPCRISPGKNATGMEVGWYRSPFSRVVHLYRNGKDQDAEQAPEYRGRTELLKESIGEGKVALRIQNVRFSDEGGYTCFFRDHSYQEEAAVELKVEDPFYWINPGRSRSHHHHHH,139
1i5g_A_p.pdb,SGLKKFFPYSTNVLKGAAADIALPSLAGKTVFFYFSASWCPPSRAFTPQLIDFYKAHAEKKNFEVMLISWDESAEDFKDYYAKMPWLALPFEDRKGMEFLTTGFDVKSIPTLVGVEADSGNIITTQARTMVVKDPEAKDFPWPN,144
1cc8_remod_p.pdb,MAEIKHYQFNVVMTCSGCSGAVNKVLTKLEPDVSKIDISLEKQLVDVYTTLPYDFILEKIKKTGKEVRSGKQL,73
1o1z_remod_p.pdb,MGSDKIHHHHHHVIVLGHRGYSAKYLENTLEAFMKAIEAGANGVELDVRLSKDGKVVVSHDEDLKRLFGLDVKIRDATVSELKELTDGKITTLKEVFENVSDDKIINIEIKEREAADAVLEISKKRKNLIFSSFDLDLLDEKFKGTKYGYLIDEENYGSIENFVERVEKERPYSLHVPYQAFELEYAVEVLRSFRKKGIVIFVWTLNDPEIYRKIRREIDGVITDEVELFVKLR,234
1eaz_remod_p.pdb,GSMFTPKPPQDSAVIKAGYCVKQGAVMKNWKRRYFQLDENTIGYFKSELEKEPLRVIPLKEVHKVQECKQSDIMMRDNLFEIVTTSRTFYVQADSPEEMHSWIKAVSGAIVAQRGPGRSASSEHP,125
1a6m_A_p.pdb,VLSEGEWQLVLHVWAKVEADVAGHGQDILIRLFKSHPETLEKFDRFKHLKTEAEMKASEDLKKHGVTVLTALGAILKKKGHHEAELKPLAQSHATKHKIPIKYLEFISEAIIHVLHSRHPGDFGADAQGAMNKALELFRKDIAAKYKELGY,151
1hfc_remod_p.pdb,VLTEGNPRWEQTHLTYRIENYTPDLPRADVDHAIEKAFQLWSNVTPLTFTKVSEGQADIMISFVRGDHRDNSPFDGPGGNLAHAFQPGPGIGGDAHFDEDERWTNNFREYNLHRVAAHELGHSLGLSHSTDIGALMYPSYTFSGDVQLAQDDIDGIQAIYGRSQNPVQP,169
1ne2_remod_p.pdb,GSHMGIKNDLEIRLQKLQQQGNFKNYLEQYPTDASTAAYFLIEIYNDGNIGGRSVIDAGTGNGILACGSYLLGAESVTAFDIDPDAIETAKRNCGGVNFMVADVSEISGKYDTWIMNPPFGSVVKHSDRAFIDKAFETSMWIYSIGNAKARDFLRREFSARGDVFREEKVYITVPRIYRHHSYDRARIEAVIFGVRNHSF,200
1jyh_remod_p.pdb,MNYEIKQEEKRTVAGFHLVGPWEQTVKKGFEQLMMWVDSKNIVPKEWVAVYYDNPDETPAEKLRCDTVVTVPGYFTLPENSEGVILTEITGGQYAVAVARVVGDDFAKPWYQFFNSLLQDSAYEMLPKPCFEVYLNNGAEDGYWDIEMYVAVQPKHH,157
1wkc_remod_p.pdb,MTKAELRRRARAAWRRLDLKALSRAVGAALLPWLRERGFRHILLYHPLPHELNLLPLMEAYPARYYLPKVAGKGLTVHPFGPLAPGPFGLLEPTTPPEDPRVLDLVVVPGLAFDREGYRLGHGQGFYDRFLKEVRAATVGVVPQALLFPALPRDPWDVPVDHLATEAGVEAVKRPAPGPGGLLD,184
1ihz_remod_p.pdb,ATSTKKLHKEPATLIKAIDGDTLKLMYKGQPMTFRLLLVDTPETKHPKKGVEKYGPEASAFTKKMLENAKKLEVEFDKGQRTDKYGRGLAYLYADGKMLNEALVRQGLAKVAYVYKPNNTHEQHLRKSEAQAKKEKLNIWSEDNADSGQ,149
1h4x_remod_p.pdb,MAFQLEMVTRETVVIRLFGELDHHAVEQIRAKISTAIFQGAVTTIIWNFERLSFMDSSGVGLVLGRMRELEAVAGRTILLNPSPTMRKVFQFSGLGPWMMDATEEEAIDRVRGIVNG,117
1dsx_A_p.pdb,ERVVINISGLRFEVQLKTLAQFPETLLGDPKKRMRYFDPLRNEYFFDRNRPSFDAILYYYQSGGRLRRPVNVPLDIFSEEIRFYELG,87
1i71_A_p.pdb,DCYHGDGQSYRGSFSTTVTGRTCQSWSSMTPHWHQRTTEYYPNGGLTRNYCRNPDAEIRPWCYTMDPSVRWEYCNLTQCPVME,83
1d4o_remod_p.pdb,MEISGTHTEINLDNAIDMIREANSIIITPGYGLCAAKAQYPIADLVKMLSEQGKKVRFGIHPVAGRMPGQLNVLLAEAGVPYDIVLEMDEINHDFPDTDLVLVIGANDTVNSAAQEDPNSIIAGMPVLEVWKSKQVIVMKRSLGVGYAAVDNPIFYKPNTAMLLGDAKKTCDALQAKVRESYQK,184
1whi_A_p.pdb,MIQQESRLKVADNSGAREVLVIKVLGGSGRRYANIGDVVVATVKDATPGGVVKKGQVVKAVVVRTKRGVRRPDGSYIRFDENACVIIRDDKSPRGTRIFGPVARELRDKDFMKIISLAPEVI,122
1a3a_remod_p.pdb,MANLFKLGAENIFLGRKAATKEEAIRFAGEQLVKGGYVEPEYVQAMLDREKLTPTYLGESIAVPHGTVEAKDRVLKTGVVFCQYPEGVRFGEEEDDIARLVIGIAARNNEHIQVITSLTNALDDESVIERLAHTTSVDEVLELLAGRK,148
1kq6_remod_p.pdb,MGDTFIRHIALLGFEKRFVPSQHYVYMFLVKWQDLSEKVVYRRFTEIYEFHKTLKEMFPIEAGAINPENRIIPHLPAPKWFDGQRAAENRQGTLTEYCSTLMSLPTKISRCPHLLDFFKVRPDDLKLPTDNQTKKPETYLM,141
1mug_remod_p.pdb,MVEDILAPGLRVVFCGINPGLSSAGTGFPFAHPANRFWKVIYQAGFTDRQLKPQEAQHLLDYRCGVTKLVDRPTVQANEVSKQELHAGGRKLIEKIEDYQPQALAILGKQAYEQGFSQRGAQWGKQTLTIGSTQIWVLPNPSGLSRVSLEKLVEAYRELDQALVVRGR,168
1ryb_remod_p.pdb,MRGSHHHHHHGSVEYTPWLIAGLGNPGNKYYGTRHNVGFEMVDRIAAEEGITMNTIQSKSLLGIGSIGEVPVLVVKPQSYMNYSGEAIGPLAAYYQVPLRHILLIYDDTSLPNGVLRLQKKGGHGRHNGLQNVIEHLDGRREFPRLSIGIGSPPGKMDPRAFLLQKFSSEERVQIDTALEQGVDAVRTLVLKGFSGSTERFNLVQ,205
1mk0_A_p.pdb,MKSGIYQIKNTLNNKVYVGSAKDFEKRWKRHFKDLEKGCHSSIKLQRSFNKHGNVFECSILEEIPYEKDLIIERANFWIKELNSKINGYNIADATFG,97
1c9o_A_p.pdb,MQRGKVKWFNNEKGYGFIEVEGGSDVFVHFTAIQGEGFKTLEEGQEVSFEIVQGNRGPQAANVVKL,66
1c44_A_p.pdb,SSAGDGFKANLVFKEIEKKLEEEGEQFVKKIGGIFAFKVKDGPGGKEATWVVDVKNGKGSVLPNSDKKADCTITMADSDLLALMTGKMNPQSAFFQGKLKITGNMGLAMKLQNLQLQPGKAKL,123
1vhu_remod_p.pdb,MSLERRTLIMEVLFEAKVGDITLKLAQGDITQYPAKAIVNAANKRLEHGGGVAYAIAKACAGDAGLYTEISKKAMREQFGRDYIDHGEVVVTPAMNLEERGIKYVFHTVGPICSGMWSEELKEKLYKAFLGPLEKAEEMGVESIAFPAVSAGIYGCDLEKVVETFLEAVKNFKGSAVKEVALVIYDRKSAEVALKVFERSLEGGSHHHHHH,211
1jkx_remod_p.pdb,MNIVVLISGNGSNLQAIIDACKTNKIKGTVRAVFSNKADAFGLERARQAGIATHTLIASAFDSREAYDRELIHEIDMYAPDVVVLAGFMRILSPAFVSHYAGRLLNIHPSLLPKYPGLHTHRQALENGDEEHGTSVHFVTDELDGGPVILQAKVPVFAGDSEDDITARVQTQEHAIYPLVISWFADGRLKMHENAAWLDGQRLPPQGYAADE,212
1gfl_cm.pdb,SKGEELFTGVVPILVELDGDVNGHKFSVSGEGEGDATYGKLTLKFICTTGKLPVPWPTLVTTLSYGVQCFSRYPDHMKQHDFFKSAMPEGYVQERTIFFKDDGNYKTRAEVKFEGDTLVNRIELKGIDFKEDGNILGHKLEYNYNSHNVYIMADKQKNGIKVNFKIRHNIEDGSVQLADHYQQNTPIGDGPVLLPDNHYLSTQSALSKDPNEKRDHMVLLEFVTAAGITHGMDELYK,237
6qji_p_trunc_2022.pdb,PRRIVIHRGSTGLGFNIVGGEDGEGIFISFILAGGPADLSGELRKGDQILSVNGVDLRNASHEQAAIALKNAGQTVTIIAQYKP,84
6qji_p_trunc.pdb,GSTGLGFNIVGGEDGEGIFISFILAGGPADLSGELRKGDQILSVNGVDLRNASHEQAAIALKNAGQ,66
AF-P60484-F1-model_v4_p.pdb,MTAIIKEIVSRNKRRYQEDGFDLDLTYIYPNIIAMGFPAERLEGVYRNNIDDVVRFLDSKHKNHYKIYNLCAERHYDTAKFNCRVAQYPFEDHNPPQLELIKPFCEDLDQWLSEDDNHVAAIHCKAGKGRTGVMICAYLLHRGKFLKAQEALDFYGEVRTRDKKGVTIPSQRRYVYYYSYLLKNHLDYRPVALLFHKMMFETIPMFSGGTCNPQFVVCQLKVKIYSSNSGPTRREDKFMYFEFPQPLPVCGDIKVEFFHKQNKMLKKDKMFHFWVNTFFIPGPEETSEKVENGSLCDQEIDSICSIERADNDKEYLVLTLTKNDLDKANKDKANRYFSPNFKVKLYFTKTVEEPSNPEASSSTSVTPDVSDNEPDHYRYSDTTDSDPENEPFDEDQHTQITKV,403
1jos_remod_p.pdb,MAREFKRSDRVAQEIQKEIAVILQREVKDPRIGMVTVSDVEVSSDLSYAKIFVTFLFDHDEMAIEQGMKGLEKASPYIRSLLGKAMRLRIVPEIRFIYDQSLVEGMRMSNLVTNVVREDEKKHVEESN,128
1fx2_A_p.pdb,NNNRAPKEPTDPVTLIFTDIESSTALWAAHPDLMPDAVAAHHRMVRSLIGRYKCYEVKTVGDSFMIASKSPFAAVQLAQELQLCFLHHDWGTNALDDSYREFEEQRAEGECE,112
1c52_remod_p.pdb,QADGAKIYAQCAGCHQQNGQGIPGAFPPLAGHVAEILAKEGGREYLILVLLYGLQGQIEVKGMKYNGVMSSFAQLKDEEIAAVLNHIATAWGDAKKVKGFKPFTAEEVKKLRAKKLTPQQVLAERKKLGLK,131
AF-P62993-F1-model_v4_trunc_p.pdb,TYVQALFDFDPQEDGELGFRRGDFIHVMDNSDPNWWKGACHGQTGMFPRNYVTPVN,56
2hs1_A_p.pdb,PQITLWKRPLVTIKIGGQLKEALLDTGADDTIIEEMSLPGRWKPKMIGGIGGFIKVRQYDQIIIEIAGHKAIGTVLVGPTPVNIIGRNLLTQIGATLNF,99
1brf_A_p.pdb,AKWVCKICGYIYDEDAGDPDNGISPGTKFEELPDDWVCPICGAPKSEFEKLED,53
1h2e_A_p.pdb,ATTLYLTRHGETKWNVERRMQGWQDSPLTEKGRQDAMRLGKRLEAVELAAIYTSTSGRALETAEIVRGGRLIPIYQDERLREIHLGDWEGKTHDEIRQMDPIAFDHFWQAPHLYAPQRGERFCDVQQRALEAVQSIVDRHEGETVLIVTHGVVLKTLMAAFKDTPLDHLWSPPYMYGTSVTIIEVDGGTFHVAVEGDVSHIEEVKEV,207
AF-Q6SJ61-F1-model_v4_p.pdb,MSIQHFRVALIPFFAAFCLPVFAHPETLVKVKDAEDQLGARVGYIELDLNSGKILESFRPEERFPMMSTFKVLLCGAVLSRVDAGQEQLGRRIHYSQNDLVEYSPVTEKHLTDGMTVRELCSAAITMSDNTAANLLLTTIGGPKELTAFLHNMGDHVTRLDRWEPELNEAIPNDERDTTMPAAMATTLRKLLTGELLTLASRQQLIDWMEADKVAGPLLRSALPAGWFIADKSGAGERGSRGIIAALGPDGKPSRIVVIYTTGSQATMDERNRQIAEIGASLIKHW,286
1d1q_remod_p.pdb,MTIEKPKISVAFIALGNFCRSPMAEAIFKHEVEKANLENRFNKIDSFGTSNYHVGESPDHRTVSICKQHGVKINHKGKQIKTKHFDEYDYIIGMDESNINNLKKIQPEGSKAKVCLFGDWNTNDGTVQTIIEDPWYGDIQDFEYNFKQITYFSKQFLKKEL,161
2arc_remod_p.pdb,DPLLPGYSFNAHLVAGLTPIEANGYLDFFIDRPLGMKGYILNLTIRGQGVVKNQGREFVCRPGDILLFPPGEIHHYGRHPEAREWYHQWVYFRPRAYWHEWLNWPSIFANTGFFRPDEAHQPHFSDLFGQIINAGQGEGRYSELLAINLLEQLLLRRMEAINES,164
1dix_p.pdb,ASGSKDFDFFYFVQQWPGSYCDTKQSCCYPTTGKPAADFGIHGLWPNNNDGTYPSNCDPNSPYDQSQISDLISSMQQNWPTLACPSGSGSTFWSHEWEKHGTCAESVLTNQHAYFKKALDLKNQIDLLSILQGADIHPDGESYDLVNIRNAIKSAIGYTPWIQCNVDQSGNSQLYQVYICVDGSGSSLIECPIFPGGKCGTSIEFPTF,208
1gz2_remod_p.pdb,DPDGCGPGWVPTPGGCLGFFSRELSWSRAESFCRRWGPGSHLAAVRSAAELRLLAELLNASRGGDGSGEGADGRVWIGLHRPAGSRSWRWSDGTAPRFASWHRTAKARRGGRCAALRDEEAFTSWAARPCTERNAFVCKAAA,142
1kid_remod_p.pdb,MRGSHHHHHHGLVPRGSEGMQFDRGYLSPYFINKPETGAVELESPFILLADKKISNIREMLPVLEAVAKAGKPLLIIAEDVEGEALATLVVNTMRGIVKVAAVKAPGFGDRRKAMLQDIATLTGGTVISEEIGMELEKATLEDLGQAKRVVINKDTTTIIDGVGEEAAIQGRVAQIRQQIEEATSDYDREKLQERVAKLAGGV,203
1fqt_remod_p.pdb,GSHMKFTRVCDRRDVPEGEALKVESGGTSVAIFNVDGELFATQDRCTHGDWSLSDGGYLEGDVVECSLHMGKFCVRTGKVKSPPPCEALKIFPIRIEDNDVLVDFEAGYLAP,112
1aoe_A_p.pdb,MLKPNVAIIVAALKPALGIGYKGKMPWRLRKEIRYFKDVTTRTTKPNTRNAVIMGRKTWESIPQKFRPLPDRLNIILSRSYENEIIDDNIIHASSIESSLNLVSDVERVFIIGGAEIYNELINNSLVSHLLITEIEHPSPESIEMDTFLKFPLESWTKQPKSELQKFVGDTVLEDDIKEGDFTYNYTLWTRK,192
2cua_remod_p.pdb,AYTLATHTAGVIPAGKLERVDPTTVRQEGPWADPAQAVVQTGPNQYTVYVLAFAFGYQPNPIEVPQGAEIVFKITSPDVIHGFHVEGTNINVEVLPGEVSTVRYTFKRPGEYRIICNQYCGLGHQNMFGTIVVKE,135
1xdz_remod_p.pdb,NMNIEEFTSGLAEKGISLSPRQLEQFELYYDMLVEWNEKINLTSITEKKEVYLKHFYDSITAAFYVDFNQVNTICDVGAGAGFPSLPIKICFPHLHVTIVDSLNKRITFLEKLSEALQLENTTFCHDRAETFGQRKDVRESYDIVTARAVARLSVLSELCLPLVKKNGLFVALKAASAEEELNAGKKAITTLGGELENIHSFKLPIEESDRNIMVIRKIKNTPKKYPRKPGTPNKSPIEG,240
1pch_A_p.pdb,AKFSAIITDKVGLHARPASVLAKEASKFSSNITIIANEKQGNLKSIMNVMAMAIKTGTEITIQADGNDADQAIQAIKQTMIDTALIQG,88
bgl3_cm_p.pdb,MVPAAQQTAMAPDAALTFPEGFLWGSATASYQIEGAAAEDGRTPSIWDTYARTPGRVRNGDTGDVATDHYHRWREDVALMAELGLGAYRFSLAWPRIQPTGRGPALQKGLDFYRRLADELLAKGIQPVATLYHWDLPQELENAGGWPERATAERFAEYAAIAADALGDRVKTWTTLNEPWCSAFLGYGSGVHAPGRTDPVAALRAAHHLNLGHGLAVQALRDRLPADAQCSVTLNIHHVRPLTDSDADADAVRRIDALANRVFTGPMLQGAYPEDLVKDTAGLTDWSFVRDGDLRLAHQKLDFLGVNYYSPTLVSEADGSGTHNSDGHGRSAHSPWPGADRVAFHQPPGETTAMGWAVDPSGLYELLRRLSSDFPALPLVITENGAAFHDYADPEGNVNDPERIAYVRDHLAAVHRAIKDGSDVRGYFLWSLLDNFEWAHGYSKRFGAVYVDYPTGTRIPKASARWYAEVARTGVLPTAGDPNSSSVDKLAAALEHHHHHH,501
1gbs_A_p.pdb,RTDCYGNVNRIDTTGASCKTAKPEGLSYCGVPASKTIAERDLKAMDRYKTIIKKVGEKLCVEPAVIAGIISRESHAGKVLKNGWGDRGNGFGLMQVDKRSHKPQGTWNGEVHITQGTTILTDFIKRIQKKFPSWTKDQQLKGGISAYNAGAGNVRSYARMDIGTTHDDYANDVVARAQYYKQHGY,185
1fx2_remod_p.pdb,NNNRAPKEPTDPVTLIFTDIESSTALWAAHPDLMPDAVAAHHRMVRSLIGRYKCYEVKTVGDSFMIASKSPFAAVQLAQELQLCFLHHDWGTNALDDSYREFEEQRAEGECEYTPPTAHMDPEVYSRLWNGLRVRVGIHTGLCDIRHDEVTKGYDYYGRTPNMAARTESVANGGQVLMTHAAYMSLSAEDRKQIDVTALGDVALRGVSDPVKMYQLNTVPSRNFAALRLDREYFD,235
ube4b_cm.pdb,IEKFKLLAEKVEEIVAKNARAEIDYSDAPDEFRDPLMDTLMTDPVRLPSGTVMDRSIILRHLLNSPTDPFNRQMLTESMLEPVPELKEQIQAWMREKQSSDH,102
1im5_remod_p.pdb,MPEEALIVVDMQRDFMPGGALPVPEGDKIIPKVNEYIRKFKEKGALIVATRDWHPENHISFRERGGPWPRHCVQNTPGAEFVVDLPEDAVIISKATEPDKEAYSGFEGTDLAKILRGNGVKRVYICGVATEYCVRATALDALKHGFEVYLLRDAVKGIKPEDEERALEEMKSRGIKIVQF,180
1nb9_A_p.pdb,RHLPYFCRGQVVRGFGRGSKQLGIPTANFPEQVVDNLPADISTGIYYGWASVGSGDVHKMVVSIGWNPYYKNTKKSMETHIMHTFKEDFYGEILNVAIVGYLRPEKNFDSLESLISAIQGDIEEAKKRLELPEYLKIKEDNFFQVSK,147
1kqr_remod_p.pdb,GSPEFPGRENLYFQGREPVLDGPYQPTTFNPPVDYWMLLAPTAAGVVVEGTNNTDRWLATILVEPNVTSETRSYTLFGTQEQITIANASQTQWKFIDVVKTTQNGSYSQYGPLQSTPKLYAVMKHNGKIYTYNGETPNVTTKYYSTTNYDSVNMTAFCDFYIIPREEESTCTEYINNGL,179
6qji_p.pdb,PRRIVIHRGSTGLGFNIVGGEDGEGIFISFILAGGPADLSGELRKGDQILSVNGVDLRNASHEQAAIALKNAGQTVTIIAQYKPEEYSRF,90
1fvk_remod_p.pdb,AQYEDGKQYTTLEKPVAGAPQVLEFFSFFCPHCYQFEEVLHISDNVKKKLPEGVKMTKYHVNFMGGDLGKDLTQAWAVAMALGVEDKVTVPLFEGVQKTQTIRSASDIRDVFINAGIKGEEYDAAWNSFVVKSLVAQQEKAAADVQLRGVPAMFVNGKYQLNPQGMDTSNMDVFVQQYADTVKYLSEKK,189
3bor_remod_p.pdb,MHHHHHHSSGRENLYFQGGVIESNWNEIVDNFDDMNLKESLLRGIYAYGFEKPSAIQQRAIIPCIKGYDVIAQAQSGTGKTATFAISILQQLEIEFKETQALVLAPTRELAQQIQKVILALGDYMGATCHACIGGTNVRNEMQKLQAEAPHIVVGTPGRVFDMLNRRYLSPKWIKMFVLDEADEMLSRGFKDQIYEIFQKLNTSIQVVLLSATMPTDVLEVTKKFMRDPIRILVKKE,237
1fcy_A_p.pdb,ASPQLEELITKVSKAHQETFPSLCQLGKYTTNSSADHRVQLDLGLWDKFSELATKCIIKIVEFAKRLPGFTGLSIADQITLLKAACLDILMLRICTRYTPEQDTMTFSDGLTLNRTQMHNAGFGPLTDLVFAFAGQLLPLEMDDTETGLLSAICLICGDRMDLEEPEKVDKLQEPLLEALRLYARRRRPSQPYMFPRMLMKITDLRGISTKGAERAITLKMEIPGPMPPLIREMLE,236
1xkr_remod_p.pdb,HMKISERQKDLLKEIGNIGAGNAATAISYMINKKVEISVPNVEIVPISKVIFIAKDPEEIVVGVKMPVTGDIEGSVLLIMGTTVVKKILEILTGRAPDNLLNLDEFSASALREIGNIMCGTYVSALADFLGFKIDTLPPQLVIDMISAIFAEASIEELEDNSEDQIVFVETLLKVEEEEEPLTSYMMMIPKPGYLVKIFERMGIQE,206
2phy_A_p.pdb,MEHVAFGSEDIENTLAKMDDGQLDGLAFGAIQLDGDGNILQYNAAEGDITGRDPKQVIGKNFFKDVAPCTDSPEFYGKFKEGVASGNLNTMFEYTFDYQMTPTKVKVHMKKALSGDSYWVFVKRV,125
1m4j_remod_p.pdb,MSHQTGIQASEDVKEIFARARNGKYRLLKISIENEQLVVGSCSPPSDSWEQDYDSFVLPLLEDKQPCYVLFRLDSQNAQGYEWIFIAWSPDHSHVRQKMLYAATRATLKKEFGGGHIKDEVFGTVKEDVSLHGYKKYLLSQS,142
1d0q_remod_p.pdb,MGHRIPEETIEAIRRGVDIVDVIGEYVQLKRQGRNYFGLCPFHGEKTPSFSVSPEKQIFHCFGCGAGGNAFTFLMDIEGIPFVEAAKRLAAKAGVDLSVYELD,103
1vmb_remod_p.pdb,MGSDKIHHHHHHMAYVKERIYESMFIIAPNVPEEERENLVERVKKIIEERVKGKIDKVERMGMRKFAYEIKKFNEGDYTVIYFRCDGQNLQELENFYRVTPEIIRWQTFRRFDLEKKERKAQREKAAAEATESSEGGSED,140
1aap_remod_p.pdb,VREVCSEQAETGPCRAMISRWYFDVTEGKCAPFFYGGCGGNRNNFDTEEYCMAVCGSA,58
1atz_remod_p.pdb,DCSQPLDVILLLDGSSSFPASYFDEMKSFAKAFISKANIGPRLTQVSVLQYGSITTIDVPWNVVPEKAHLLSLVDVMQREGGPSQIGDALGFAVRYLTSEMHGARPGASKAVVILVTDVSVDSVDAAADAARSNRVTVFPIGIGDRYDAAQLRILAGPAGDSNVVKLQRIEDLPTMVTLGNSFLHKLCS,189
2qmt_p.pdb,MQYKLILNGKTLKGETTTEAVDAATAEKVFKQYANDNGVDGEWTYDDATKTFTVTE,56
1beh_remod_p.pdb,MPVDLSKWSGPLSLQEVDEQPQHPLHVTYAGAAVDELGKVLTPTQVKNRPTSISWDGLDSGKLYTLVLTDPDAPSRKDPKYREWHHFLVVNMKGNDISSGTVLSDYVGSGPPKGTGLHRYVWLVYEQDRPLKCDEPILSNRSGDHRGKFKVASFRKKYELRAPVAGTCYQAEWDDYVPKLYEQLSGK,187
2vxn_remod_p.pdb,MSAKPQPIAAANWKCNGTTASIEKLVQVFNEHTISHDVQCVVAPTFVHIPLVQAKLRNPKYVISAQNAIAKSGAFTGEVSMPILKDIGVHWVILGHSERRTYYGETDEIVAQKVSEACKQGFMVIACIGETLQQREANQTAKVVLSQTSAIAAKLTKDAWNQVVLAYEPVWAIGTGKVATPEQAQEVHLLLRKWVSENIGTDVAAKLRILYGGSVNAANAATLYAKPDINGFLVGGASLKPEFRDIIDATR,251
1p90_remod_p.pdb,ERVPEGSIRVAIASNNGEQLDGHFGSCLRFLVYQVSAKDASLVDIRSTLDVALAEDKNAWRVEQIQDCQVLYVVSIGGPAAAKVVRAGIHPLKKPKGCAAQEAIAELQTVMAGSPPPWLAKLVGVSAEERVRFSVSDDEDEAARA,145
1t8k_A_p.pdb,STIEERVKKIIGEQLGVKQEEVTNNASFVEDLGADSLDTVELVMALEEEFDTEIPDEEAEKITTVQAAIDYINGHQA,77
1atl_remod_p.pdb,QNLPQRYIELVVVADHRVFMKYNSDLNTIRTRVHEIVNFINGFYRSLNIHVSLTDLEIWSNEDQINIQSASSDTLNAFAEWRETDLLNRKSHDNAQLLTAIELDEETLGLAPLGTMCDPKLSIGIVQDHSPINLLMGVTMAHELGHNLGMEHDGKDCLRGASLCIMRPGLTKGRSYEFSDDSMHYYERFLKQYKPQCILNKP,202
1gmx_p.pdb,MDQFECINVADAHQKLQEKEAVLVDIRDPQSFAMGHAVQAFHLTNDTLGAFMRDNDFDTPVMVMCYHGNSSKGAAQYLLQQGYDVVYSIDGGFEAWQRQFPAEVAYGA,108
1vjk_remod_p.pdb,AHHHHHHGSVKVKVKYFARFRQLAGVDEEEIELPEGARVRDLIEEIKKRHEKFKEEVFGEGYDEDADVNIAVNGRYVSWDEELKDGDVVGVFPPVSGG,98
1fvg_remod_p.pdb,MGDSAAKIVSPQEALPGRKEPLVVAAKHHVNGNRTVEPFPEGTQMAVFGMGCFWGAERKFWTLKGVYSTQVGFAGGYTPNPTYKEVCSGKTGHAEVVRVVFQPEHISFEELLKVFWENHDPTQGMRQGNDHGSQYRSAIYPTSAEHVGAALKSKEDYQKVLSEHGFGLITTDIREGQTFYYAEDYHQQYLSKDPDGYCG,199
1k7j_p.pdb,MSQFFYIHPDNPQQRLINQAVEIVRKGGVIVYPTDSGYALGCKIEDKNAMERICRIRQLPDGHNFTLMCRDLSELSTYSFVDNVAFRLMKNNTPGNYTFILKGTKEVPRRLLQEKRKTIGMRVPSNPIAQALLEALGEPMLSTSLMLPGSEFTESDPEEIKDRLEKQVDLIIHGGYLGQKPTTVIDLTDDTPVVVREGVGDVKPFL,206
1dmg_remod_p.pdb,AQVDLLNVKGEKVGTLEISDFVFNIDPNYDVMWRYVDMQLSNRRAGTASTKTRGEVSGGGRKPWPQKHTGRARHGSIRSPIWRHGGVVHGPKPRDWSKKLNKKMKKLALRSALSVKYRENKLLVLDDLKLERPKTKSLKEILQNLQLSDKKTLIVLPWKEEGYMNVKLSGRNLPDVKVIIADNPNNSKNGEKAVRIDGLNVFDMLKYDYLVLTRDMVSKIEEVLG,225
1c52_A_p.pdb,DGAKIYAQCAGCHQQNGQGIPGAFPPLAGHVAEILAKEGGREYLILVLLYGLQGQIEVKGMKYNGVMSSFAQLKDEEIAAVLNHIATAWGDAKKVKGFKPFTAEEVKKLRAKKLTPQQVLAERKKLGL,128
1czn_A_p.pdb,AKIGLFYGTQTGVTQTIAESIQQEFGGESIVDLNDIANADASDLNAYDYLIIGCPTWNVGELQSDWEGIYDDLDSVNFQGKKVAYFGAGDQVGYSDNFQDAMGILEEKISSLGSQTVGYWPIEGYDFNESKAVRNNQFVGLAIDEDNQPDLTKNRIKTWVSQLKSEFGL,169
1g9o_A_p.pdb,RMLPRLCCLEKGPNGYGFHLHGEKGKLGQYIRLVEPGSPAEKAGLLAGDRLVEVNGENVEKETHQQVVSRIRAALNAVRLLVVDPETDEQL,91
1jvw_remod_p.pdb,SGDAASHEERMNNYRKRVGRLFMEQKAAQPDAVKLPSGLVFQRIARGSGKRAPAIDDKCEVHYTGRLRDGTVFDSSRERGKPTTFRPNEVIKGWTEALQLMREGDRWRLFIPYDLAYGVTGGGGMIPPYSPLEFDVELISIKDGGKGRTAEEVDEILRKAEEDREDM,167
1i1j_remod_p.pdb,MGPMPKLADRKLCADQECSHPISMAVALQDYMAPDCRFLTIHRGQVVYVFSKLKGRGRLFWGGSVQGDYYGDLAARLGYFPSSIVREDQTLKPGKVDVKTDKWDFYCQ,108
1htw_A_p.pdb,MESLTQYIPDEFSMLRFGKKFAEILLKLHTEKAIMVYLNGDLGAGKTTLTRGMLQGIGHQGNVKSPTYTLVEEYNIAGKMIYHFDLYRLADPEELEFMGIRDYFNTDSICLIEWSEKGQGILPEADILVNIDYYDDARNIELIAQTNLGKNIISAFSN,158
1cjw_A_p.pdb,HTLPANEFRCLTPEDAAGVFEIEREAFISVSGNCPLNLDEVQHFLTLCPELSLGWFVEGRLVAFIIGSLWDEERLTQESLALHRPRGHSAHLHALAVHRSFRQQGKGSVLLWRYLHHVGAQPAVRRAVLMCEDALVPFYQRFGFHPAGPCAIVVGSLTFTEMHCSL,166
5ptp_p.pdb,IVGGYTCGANTVPYQVSLNSGYHFCGGSLINSQWVVSAAHCYKSGIQVRLGEDNINVVEGNEQFISASKSIVHPSYNSNTLNNDIMLIKLKSAASLNSRVASISLPTSCASAGTQCLISGWGNTKSSGTSYPDVLKCLKAPILSDSSCKSAYPGQITSNMFCAGYLEGGKDSCQGDSGGPVVCSGKLQGIVSWGSGCAQKNKPGVYTKVCNYVSWIKQTIASN,223
1cxy_remod_p.pdb,NETEATLPVFTLEQVAEHHSPDDCWMAIHGKVYDLTPYVPNHPGPAGMMLVWCGQESTEAWETKSYGEPHSSLAARLLQRYLIGTLEEIT,90
1dlw_A_p.pdb,SLFEQLGGQAAVQAVTAQFYANIQADATVATFFNGIDMPNQTNKTAAFLCAALGGPNAWTGRNLKEVHANMGVSNAQFTTVIGHLRSALTGAGVAAALVEQTVAVAETVRGDVVTV,116
1lpy_remod_p.pdb,MNIFEMLRIDEGLRLKIYKDTEGYYTIGIGHLLTKSPSLNAAKSELDKAIGRNTNGVITKDEAEKLFNQDVDAAVRGILRNAKMKPMYDSMDAVRRAAMMNMMFQMGETRMAGFTNSMRMMQQKRWDEAAVNMAKSRWYNQTPNRAKRVITTFRTGTWDAYKNL,164
1h98_remod_p.pdb,PHVICEPCIGVKDQSCVEVCPVECIYDGGDQFYIHPEECIDCGACVPACPVNAIYPEEDVPEQWKSYIEKNRKLAGLE,78
1lo7_remod_p.pdb,MARSITMQQRIEFGDCDPAGIVWYPNYHRWLDAASRNYFIKCGLPPWRQTVVERGIVGTPIVSCNASFVCTASYDDVLTIETCIKEWRRKSFVQRHSVSRTTPGGDVQLVMRADEIRVFAMNDGERLRAIEVPADYIELCS,141
1avs_remod_p.pdb,ASMTDQQAEARAFLSEEMIAEFKAAFDMFDADGGGDISTKELGTVMRMLGQNPTKEELDAIIEEVDEDGSGTIDFEEFLVMMVRQMKEDA,90
1dqg_remod_p.pdb,LDARQFLIYNEDHKRCVDALSAISVQTATCNPEAESQKFRWVSDSQIMSVAFKLCLGVPSKTDWASVTLYACDSKSEYQKWECKNDTLFGIKGTELYFNYGNRQEKNIKLYKGSGLWSRWKVYGTTDDLCSRGYE,135
1nps_A_p.pdb,ANITVFYNEDFQGKQVDLPPGNYTRAQLAALGIENNTISSVKVPPGVKAILYQNDGFAGDQIEVVANAEELGPLNNNVSSIRVISVPV,88
1cke_remod_p.pdb,MTAIAPVITIDGPSGAGKGTLCKAMAEALQWHLLDSGAIYRVLALAALHHHVDVASEDALVPLASHLDVRFVSTNGNLEVILEGEDVSGEIRTQEVANAASQVAAFPRVREALLRRQRAFRELPGLIADGRDMGTVVFPDAPVKIFLDASSEERAHRRMLQLQVKGFSVNFERLLAEIKERDDRDRNRAVAPLVPAADALVLDSTTLSIEQVIEKALQYARQKLALA,227
1ny1_remod_p.pdb,VPNEPINWGFKRSVNHQPPDAGKQLNSLIEKYDAFYLGNTKEKTIYLTFDNGYENGYTPKVLDVLKKHRVTGTFFVTGHFVKDQPQLIKRMSDEGHIIGNHSFHHPDLTTKTADQIQDELDSVNEEVYKITGKQDNLYLRPPRGVFSEYVLKETKRLGYQTVFWSVAFVDWKINNQKGKKYAYDHMIKQAHPGAIYLLHTVSRDNAEALDDAITDLKKQGYTFKSIDDLMFEKEMRLPSL,240
1ag6_A_p.pdb,VEVLLGGDDGSLAFLPGDFSVASGEEIVFKNNAGFPHNVVFDEDEIPSGVDAAKISMSEEDLLNAPGETYKVTLTEKGTYKFYCSPHQGAGMVGKVTVN,99
1r26_remod_p.pdb,MRGWHHHHHHGIRMRARYPSVVDVYSVEQFRNIMSEDILTVAWFTAVWCGPCKTIERPMEKIAYEFPTVKFAKVDADNNSEIVSKCRVLQLPTFIIARSGKMLGHVIGANPGMLRQKLRDIIKDN,125
1hxn_remod_p.pdb,HRNSTQHGHESTRCDPDLVLSAMVSDNHGATYVFSGSHYWRLDTNRDGWHSWPIAHQWPQGPSTVDAAFSWEDKLYLIQDTKVYVFLTKGGYTLVNGYPKRLEKELGSPPVISLEAVDAAFVCPGSSRLHIMAGRRLWWLDLKSGAQATWTELPWPHEKVDGALCMEKPLGPNSCSTSGPNLYLIHGPNLYCYRHVDKLNAAKNLPQPQRVSRLLGCTH,219
1gmi_remod_p.pdb,MVVFNGLLKIKICEAVSLKPTAWSLRDAVGPRPQTFLLDPYIALNVDDSRIGQTATKQKTNSPAWHDEFVTDVCNGRKIELAVFHDAPIGYDDFVANCTIQFEELLQNGSRHFEDWIDLEPEGKVYVIIDLSGSSG,136
1smx_remod_p.pdb,GSHMLEQKKANIYKGKITRIEPSLEAAFVDYGAERHGFLPLKEIAREYFPANYSAHGRPNIKDVLREGQEVIVQIDKEERGNKGAALTTFISLAGS,96
1ek0_p.pdb,VTSIKLVLLGEAAVGKSSIVLRFVSNDFAENKEPTIGAAFLTQRVTINEHTVKFEIWDTAGQERFASLAPMYYRNAQAALVVYDVTKPQSFIKARHWVKELHEQASKDIIIALVGNKIDMLQEGGERKVAREEGEKLAEEKGLLFFETSAKTGENVNDVFLGIGEKIPLK,170
1i4j_p.pdb,MEAKAIARYVRISPRKVRLVVDLIRGKSLEEARNILRYTNKRGAYFVAKVLESAAANAVNNHDALEDRLYVKAAYVDEGPAVLPRARGRADIIKKRTSHITVILGEKHGK,110
1vp6_remod_p.pdb,VRRGDFVRNWQLVAAVPLFQKLGPAVLVEIVRALRARTVPAGAVICRIGEPGDRMFFVVEGSVSVATPNPVELGPGAFFGEMALISGEPRSATVSAATTVSLLSLHSADFQMLCSSSPEIAEIFRKTALERRGAAASA,138
1jbk_remod_p.pdb,HMQALKKYTIDLTERAEQGKLDPVIGRDEEIRRTIQVLQRRTKNNPVLIGEPGVGKTAIVEGLAQRIINGEVPEGLKGRRVLALDMGALVAGAKYRGEFEERLKGVLNDLAKQEGNVILFIDELHTMVGAGKADGAMDAGNMLKPALARGELHCVGATTLDEYRQYIEKDAALERRFQKVFVAEPSVEDTIAILR,195
1jo0_remod_p.pdb,TTLSTKQKQFLKGLAHHLNPVVMLGGNGLTEGVLAEIENALNHHELIKVKVAGADRETKQLIINAIVRETKAAQVQTIGHILVLYRPSEEAKIQLPRK,98
1wjx_remod_p.pdb,APVLENRRARHDYEILETYEAGIALKGTEVKSLRAGKVDFTGSFARFEDGELYLENLYIAPYEKGSYANVDPRRKRKLLLHKHELRRLLGKVEQKGLTLVPLKIYFNERGYAKVLLGLARGK,122
1vfy_remod_p.pdb,DSKTPADWIDSDACMICSKKFSLLNRKHHCRSCGGVFCQEHSSNSIPLPDLGIYEPVRVCDSCFEDYEFIVTD,73
1i58_A_p.pdb,GSHMVPISFVFNRFPRMVRDLAKKMNKEVNFIMRGEDTELDRTFVEEIGEPLLHLLRNAIDHGIEPKEERIAKGKPPIGTLILSARHEGNNVVIEVEDDGRGIDKEKIIRKAIEKGLIDESKAATLSDQEILNFLFVPGFSTKEKVSEVSGRGVGMDVVKNVVESLNGSISIESEKDKGTKVTIRLPLT,189
1f6b_remod_p.pdb,MSFIFDWIYSGFSSVLQFLGLYKKTGKLVFLGLDNAGKTTLLHMLKDDRLGQHVPTLHPTSEELTIAGMTFTTFDLGGHIQARRVWKNYLPAINGIVFLVDCADHERLLESKEELDSLMTDETIANVPILILGNKIDRPEAISEERLREMFGLYGQTTGKGSVSLKELNARPLEVFMCSVLKRQGYGEGFRWMAQYID,198
1jo8_A_p.pdb,PWATAEYDYDAAEDNELTFVENDKIINIEFVDDDWWLGELEKDGSKGLFPSNYVSLGN,58
1ctf_remod_p.pdb,AAEEKTEFDVILKAAGANKVAVIKAVRGATGLGLKEAKDLVESAPAALKEGVSKDDAEALKKALEEAGAEVEVK,74
1xff_remod_p.pdb,CGIVGAIAQRDVAEILLEGLRRLEYRGYDSAGLAVVDAEGHMTRLRRLGKVQMLAQAAEEHPLHGGTGIAHTRWATHGEPSEVNAHPHVSEHIVVVHNGIIENHEPLREELKARGYTFVSETDTEVIAHLVNWELKQGGTLREAVLRAIPQLRGAYGTVIMDSRHPDTLLAARSGSPLVIGLGMGENFIASDQLALLPVTRRFIFLEEGDIAEITRRSVNIFDKTGAEVKRQDIESNLQY,240
1qjp_remod_p.pdb,APKDNTWYTGAKLGWSQYHDTGFINNNGPTHENKLGAGAFGGYQVNPYVGFEMGYDWLGRMPYKGSVENGAYKAQGVQLTAKLGYPITDDLDIYTRLGGMVWRADTYSNVYGKNHDTGVSPVFAGGVEYAITPEIATRLEYQWTNNIGDAHTIGTRPDNGMLSLGVSYRFG,171
1iib_remod_p.pdb,MEKKHIYLFSSAGMSTSLLVSKMRAQAEKYEVPVIIEAFPETLAGEKGQNADVVLLGPQIAYMLPEIQRLLPNKPVEVIDSLLYGKVDGLGVLKAAVAAIKKAAAN,106
pab1_cm.pdb,GNIFIKNLHPDIDNKALYDTFSVFGDILSSKIATDENGKSKGFGFVHFEEEGAAKEAIDALNGMLLNGQEIYVAP,75
1jfu_remod_p.pdb,SRAPTGDPACRAAVATAQKIAPLAHGEVAALTMASAPLKLPDLAFEDADGKPKKLSDFRGKTLLVNLWATWCVPCRKEMPALDELQGKLSGPNFEVVAINIDTRDPEKPKTFLKEANLTRLGYFNDQKAKVFQDLKAIGRALGMPTSVLVDPQGCEIATIAGPAEWASEDALKLIRAATGKAAAAL,186
1iwd_A_p.pdb,LPSFVDWRSKGAVNSIKNQKQCGSCWAFSAVAAVESINKIRTGQLISLSEQELVDCDTASHGCNGGWMNNAFQYIITNGGIDTQQNYPYSAVQGSCKPYRLRVVSINGFQRVTRNNESALQSAVASQPVSVTVEAAGAPFQHYSSGIFTGPCGTAQNHGVVIVGYGTQSGKNYWIVRNSWGQNWGNQGYIWMERNVASSAGLCGIAQLPSYPTKA,215
1bdo_A_p.pdb,EISGHIVRSPMVGTFYRTPSPDAKAFIEVGQKVNVGDTLCIVEAMKMMNQIEADKSGTVKAILVESGQPVEFDEPLVVIE,80
1hdo_remod_p.pdb,MAVKKIAIFGATGQTGLTTLAQAVQAGYEVTVLVRDSSRLPSEGPRPAHVVVGDVLQAADVDKTVAGQDAVIVLLGTRNDLSPTTVMSEGARNIVAAMKAHGVDKVVACTSAFLLWDPTKVPPRLQAVTDDHIRMHKVLRESGLKYVAVMPPHIGDQPLTGAYTVTLDGRGPSRVISKHDLGHFMLRCLTTDEYDGHSTYPSHQYQ,206
1guu_remod_p.pdb,LGKTRWTREEDEKLKKLVEQNGTDDWKVIANYLPNRTDVQCQHRWQKVLNPE,52
1jl1_remod_p.pdb,MLKQVEIFTAGSALGNPGPGGYGAILRYRGREKTFSAGYTRTTNNRMELMAAIVALEALKEHAEVILSTDSQYVRQGITQWIHNWKKRGWKTADKKPVKNVDLWQRLDAALGQHQIKWEWVKGHAGHPENERADELARAAAMNPTLEDTGYQVEV,155
1hh8_remod_p.pdb,MSLVEAISLWNEGVLAADKKDWKGALDAFSAVQDPHSRICFNIGCMYTILKNMTEAEKAFTRSINRDKHLAVAYFQRGMLYYQTEKYDLAIKDLKEALIQLRGNQLIDYKILGLQFKLFACEVLYNIAFMYAKKEEWKKAEEQLALATSMKSEPRHSKIDKAMECVWKQKLYEPVVIPVGRLFRPNERQVAQLAKKDYLGKATVVASVVDQDS,213
1g2r_remod_p.pdb,GSHMKTRKIPLRKSVVSNEVIDKRDLLRIVKNKEGQVFIDPTGKANGRGAYIKLDNAEALEAKKKKVFNRSFSMEVEESFYDELIAYVDHKVKRRELGLE,100
1kw4_remod_p.pdb,METKRVNGTDRPPISSWSVDDVSNFIRELPGCQDYVDDFIQQEIDGQALLRLKEKHLVNAMGMKLGPALKIVAKVESIKEVRDHHHHHH,89
1svy_remod_p.pdb,SGFNHVKPTEYKPRLLHISGDKNAKVAEVPLATSSLNSGDCFLLDAGLTIYQFNGSKSSPQEKNKAAEVARAIDAERKGLPKVEVFCETDSDIPAEFWKLLGGKGAIAAKHETA,114
1ej0_A_p.pdb,GLRSRAWFKLDEIQQSDKLFKPGMTVVDLGAAPGGWSQYVVTQIGGKGRIIACDLLPMDPIVGVDFLQGDFRDELVMKALLERVGDSKVQVVMSDMAPNMSGTPAVDIPRAMYLVELALEMCRDVLAPGGSFVVKVFQGEGFDEYLREIRSLFTKVKVRKPDSSRARSREVYIVATGRKP,180
3dqg_remod_p.pdb,SNADVTPLSLGIETLGGIMTKLITRNTTIPTKKSQVFSTAADGQTQVQIKVFQGEREMATSNKLLGQFSLVGIPPAPRGVPQVEVTFDIDANGIVNVSARDRGTGKEQQIVIQSSGGLSKDQIENMIKEAEKNAAEDAKRKELVEVINQAE,151
1fl0_remod_p.pdb,IDVSRLDLRIGCIITARKHPDADSLYVEEVDVGEIAPRTVVSGLVNHVPLEQMQNRMVILLCNLKPAKMRGVLSQAMVMCASSPEKIEILAPPNGSVPGDRITFDAFPGEPDKELNPKKKIWEQIQPDLHTNDECVATYKGVPFEVKGKGVCRAQTMSNSGIKLEHHHHHH,171
1ku3_remod_p.pdb,SEELEKALSKLSEREAMVLKMRKGLIDGREHTLEEVGAYFGVTRERIRQIENKALRKLKYHESRTRKLRDFLE,73
1ktg_remod_p.pdb,MVVKAAGLVIYRKLAGKIEFLLLQASYPPHHWTPPKGHVDPGEDEWQAAIRETKEEANITKEQLTIHEDCHETLFYEAKGKPKSVKYWLAKLNNPDDVQLSHEHQNWKWCELEDAIKIADYAEMGSLLRKFSAFLAGF,138
1a70_A_p.pdb,AAYKVTLVTPTGNVEFQCPDDVYILDAAEEEGIDLPYSCRAGSCSSCAGKLKTGSLNQDDQSFLDDDQIDEGWVLTCAAYPVSDVTIETHKKEELTA,97
1chd_remod_p.pdb,LKAGPLLSSEKLIAIGASTGGTEAIRHVLQPLPLSSPAVIITQHMPPGFTRSFAERLNKLCQISVKEAEDGERVLPGHAYIAPGDKHMELARSGANYQIKIHDGPPVNRHRPSVDVLFHSVAKHAGRNAVGVILTGMGNDGAAGMLAMYQAGAWTIAQNEASCVVFGMPREAINMGGVSEVVDLSQVSQQMLAKISAGQAIRI,203
2tps_remod_p.pdb,HHGIRMTRISREMMKELLSVYFIMGSNNTKADPVTVVQKALKGGATLYQFREKGGDALTGEARIKFAEKAQAACREAGVPFIVNDDVELALNLKADGIHIGQEDANAKEVRAAIGDMILGVSAHTMSEVKQAEEDGADYVGLGPIYPTETKKDTRAVQGVSLIEAVRRQGISIPIVGIGGITIDNAAPVIQAGADGVSMISAISQAEDPESAARKFREEIQTYKTGR,227
1tzv_remod_p.pdb,MKTPRRRMRLAVFKALFQHEFRRDEDLEQILEEILDETYDKKAKEDARRYIRGIKENLSMIDDLISRYLEKWSLNRLSVVDRNVLRLATYELLFEKDIPIEVTIDEAIEIAKRYGTENSGKFVNGILDRIAKEHAPKEKFEL,142
1m8a_remod_p.pdb,ASNFDCCLGYTDRILHPKFIVGFTRQLANEGCDINAIIFHTKKKLSVCANPKQTWVKYIVRLLSKKVKNM,70
1bsg_p.pdb,SDAERRLAGLERASGARLGVYAYDTGSGRTVAYRADELFPMCSVFKTLSSAAVLRDLDRNGEFLSRRILYTQDDVEQADGAPETGKPQNLANGMTVEELCEVSITASDNCAANLMLRELGGPAAVTRFVRSLGDRVTRLDRWEPELNSAEPGRVTDTTSPRAITRTYGRLVLGDALNPRDRRLLTSWLLANTTSGDRFRAGLPDDWTLGDKTGAGRYGTNNDAGVTWPPGRAPIVLTVLTAKTEQDAARDDGLVADAARVLAETLG,266
1rw1_p.pdb,TYVLYGIKACDTMKKARTWLDEHKVAYDFHDYKAVGIDREHLRRWCAEHGWQTVLNRAGTTFRKLDEAQKADLDEAKAIELMLAQPSMIKRPVLELGGRTLVGFKPDAYAAALA,114
1fk5_A_p.pdb,AISCGQVASAIAPCISYARGQGSGPSAGCCSGVRSLNNAARTTADRRAACNCLKNAAAGVSGLNAGNAASIPSKCGVSIPYTISTSTDCSRVN,93
1bkr_remod_p.pdb,KKSAKDALLLWCQMKTAGYPNVNIHNFTTSWRDGMAFNALIHKHRPDLIDFDKLKKSNAHYNLQNAFNLAEQHLGLTKLLDPEDISVDHPDEKSIITYVVTYYHYFSKM,109
1dbx_remod_p.pdb,MTPAIDLLKKQKIPFILHTYDHDPNNQHFGDEAAEKLGIDPNRSFKTLLVAENGDQKKLACFVLATANMLNLKKAAKSIGVKKVEMADKDAAQKSTGYLVGGISPLGQKKRVKTVINSTALEFETIYVSGGKRGLSVEIAPQDLAKVLGAEFTDIVDE,158
1jfx_A_p.pdb,DTSGVQGIDVSHWQGSINWSSVKSAGMSFAYIKATEGTNYKDDRFSANYTNAYNAGIIRGAYHFARPNASSGTAQADYFASNGGGWSRDNRTLPGVLDIEHNPSGAMCYGLSTTQMRTWINDFHARYKARTTRDVVIYTTASWWNTCTGSWNGMAAKSPFWVAHWGVSAPTVPSGFPTWTFWQYSATGRVGGVSGDVDRNKFNGSAARLLALANNTA,217
1aba_A_p.pdb,MFKVYGYDSNIHKCGPCDNAKRLLTVKKQPFEFINIMPEKGVFDDEKIAELLTKLGRDTQIGLTMPQVFAPDGSHIGGFDQLREYFK,87
1w0h_remod_p.pdb,GSHMADSYYDYICIIDFEATCEEGNPPEFVHEIIEFPVVLLNTHTLEIEDTFQQYVRPEINTQLSDFCISLTGITQDQVDRADTFPQVLKKVIDWMKLKELGTKYKYSLLTDGSWDMSKFLNIQCQLSRLKYPPFAKKWINIRKSYGNFYKVPRSQTKLTIMLEKLGMDYDGRPHCGLDDSKNIARIAVRMLQDGCELRINEKM,204
1k6k_remod_p.pdb,MLNQELELSLNMAFARAREHRHEFMTVEHLLLALLSNPSAREALEACSVDLVALRQELEAFIEQTTPVLPASEEERDTQPTLSFQRVLQRAVFHVQSSGRNEVTGANVLVAIFSEQESQAAYLLRKHEVSRLDVVNFISHGTR,143
2mhr_A_p.pdb,GWEIPEPYVWDESFRVFYEQLDEEHKKIFKGIFDCIRDNSAPNLATLVKVTTNHFTHEEAMMDAAKYSEVVPHKKMHKDFLEKIGGLSAPVDAKNVDYCKEWLVNHIKGTDFKYKGKL,118
1fna_A_p.pdb,RDLEVVAATPTSLLISWDAPAVTVRYYRITYGETGGNSPVQEFTVPGSKSTATISGLKPGVDYTITVYAVTGRGDSPASSKPISINYRTEI,91
1ej8_A_p.pdb,SSAVAILETFQKYTIDQKKDTAVRGLARIVQVGENKTLFDITVNGVPEAGNYHASIHEKGDVSKGVESTGKVWHKFDEPIECFNESDLGKNLYSGKTFLSAPLPTWQLIGRSFVISKSLNHPENEPSSVKDYSFLGVIAR,140
1tif_remod_p.pdb,MSKDFIINEQIRAREVRLIDQNGDQLGIKSKQEALEIAARRNLDLVLVAPNAKPPVCRIMDYGKFRFEQQKKEKEARK,78
1roa_remod_p.pdb,GSASAQSRTLAGGIHATDLNDKSVQRALDFAISEYNKVINKDEYYSRPLQVMAAYQQIVGGVNYYFNVKFGRTTCTKSQPNLDNCPFNDQPKLKEEEFCSFQINEVPWEDKISILNYKCRKV,122
1k7c_A_p.pdb,TTVYLAGDSTMAKNGGGSGTNGWGEYLASYLSATVVNDAVAGRSARSYTREGRFENIADVVTAGDYVIVEFGHNDGGSLSTDNGRTDCSGTGAEVCYSVYDGVNETILTFPAYLENAAKLFTAKGAKVILSSQTPNNPWETGTFVNSPTRFVEYAELAAEVAGVEYVDHWSYVDSIYETLGNATVNSYFPIDHTHTSPAGAEVVAEAFLKAVVCTGTSLKSVLTTTSFEGTCL,233
1nrv_remod_p.pdb,IHRTQHWFHGRISREESHRIIKQQGLVDGLFLLRDSQSNPKAFVLTLCHHQKIKNFQILPCEDDGQTFFSLDDGNTKFSDLIQLVDFYQLNKGVLPCKLKHHCIR,105
1qf9_A_p.pdb,MEKSKPNVVFVLGGPGSGKGTQCANIVRDFGWVHLSAGDLLRQEQQSGSKDGEMIATMIKNGEIVPSIVTVKLLKNAIDANQGKNFLVDGFPRNEENNNSWEENMKDFVDTKFVLFFDCPEEVMTQRLLKRGESSGRSDDNIESIKKRFNTFNVQTKLVIDHYNKFDKVKIIPANRDVNEVYNDVENLFKSMGF,194
1h0p_A_p.pdb,KGPKVTDRVYFDMEIGGKPIGRIVIGLFGKTVPKTATNFIELAKKPKGEGYPGSKFHRVIADFMIQGGDFTRGDGTGGRSIYGEKFADENFKLKHYGAGWLSMANAGADTNGSQFFITTVKTPWLDGRHVVFGKILEGMDVVRKIEQTEKLPGDRPKQDVIIAASGHIAVDTPFSVEREAVV,182
1ql0_A_p.pdb,SIDNCAVGCPTGGSSKVSIVRHAYTLNNNSTTKFANWVAYHITKDTPASGKTRNWKTDPALNPADTLAPADYTGANAALKVDRGHQAPLASLAGVSDWESLNYLSNITPQKSDLNQGAWARLEDQERKLIDRADISSVYTVTGPLYERDMGKLPGTQKAHTIPSAYWKVIFINNSPAVNHYAAFLFDQNTPKGADFCQFRVTVDEIEKRTGLIIWAGLPDDVQASLKSKPGVLPELMGCKN,241
1gzc_A_p.pdb,VETISFSFSEFEPGNDNLTLQGAALITQSGVLQLTKINQNGMPAWDSTGRTLYTKPVHMWDSTTGTVASFETRFSFSIEQPYTRPLPADGLVFFMGPTKSKPAQGYGYLGVFNNSKQDNSYQTLAVEFDTFSNPWDPPQVPHIGIDVNSIRSIKTQPFQLDNGQVANVVIKYDAPSKILHVVLVYPSSGAIYTIAEIVDVKQVLPDWVDVGLSGATGAQRDAAETHDVYSWSFQASLPE,239
